IsoAlpha2;IsoAlpha3;Name;Region;CountryCode;MCC
US;USA;United States of America;Americas;1;310
RU;RUS;Russia;Europe;7;250
EG;EGY;Egypt;Africa;20;602
ZA;ZAF;South Africa;Africa;27;655
GR;GRC;Greece;Europe;30;202
NL;NLD;Netherlands;Europe;31;204
BE;BEL;Belgium;Europe;32;206
FR;FRA;France;Europe;33;208
ES;ESP;Spain;Europe;34;214
HU;HUN;Hungary;Europe;36;216
IT;ITA;Italy;Europe;39;222
RO;ROU;Romania;Europe;40;226
CH;CHE;Switzerland;Europe;41;228
AT;AUT;Austria;Europe;43;232
GB;GBR;United Kingdom;Europe;44;234
DK;DNK;Denmark;Europe;45;238
SE;SWE;Sweden;Europe;46;240
NO;NOR;Norway;Europe;47;242
PL;POL;Poland;Europe;48;260
DE;DEU;Germany;Europe;49;262
PE;PER;Peru;Americas;51;716
MX;MEX;Mexico;Americas;52;334
CU;CUB;Cuba;Americas;53;368
AR;ARG;Argentina;Americas;54;722
BR;BRA;Brazil;Americas;55;724
CL;CHL;Chile;Americas;56;730
CO;COL;Colombia;Americas;57;732
VE;VEN;Venezuela;Americas;58;734
MY;MYS;Malaysia;Asia;60;502
AU;AUS;Australia;Oceania;61;505
ID;IDN;Indonesia;Asia;62;510
PH;PHL;Philippines;Asia;63;515
NZ;NZL;New Zealand;Oceania;64;530
SG;SGP;Singapore;Asia;65;525
TH;THA;Thailand;Asia;66;520
KZ;KAZ;Kazakhstan;Asia;77;401
JP;JPN;Japan;Asia;81;440
KR;KOR;South Korea;Asia;82;450
VN;VNM;Vietnam;Asia;84;452
CN;CHN;China;Asia;86;460
TR;TUR;Turkey;Asia;90;286
IN;IND;India;Asia;91;404
PK;PAK;Pakistan;Asia;92;410
AF;AFG;Afghanistan;Asia;93;412
LK;LKA;Sri Lanka;Asia;94;413
MM;MMR;Myanmar;Asia;95;414
IR;IRN;Iran;Asia;98;432
SS;SSD;South Sudan;Africa;211;659
MA;MAR;Morocco;Africa;212;604
DZ;DZA;Algeria;Africa;213;603
TN;TUN;Tunisia;Africa;216;605
LY;LBY;Libya;Africa;218;606
GM;GMB;Gambia;Africa;220;607
SN;SEN;Senegal;Africa;221;608
MR;MRT;Mauritania;Africa;222;609
ML;MLI;Mali;Africa;223;610
GN;GIN;Guinea;Africa;224;611
CI;CIV;Ivory Coast;Africa;225;612
BF;BFA;Burkina Faso;Africa;226;613
NE;NER;Niger;Africa;227;614
TG;TGO;Togo;Africa;228;615
BJ;BEN;Benin;Africa;229;616
MU;MUS;Mauritius;Africa;230;617
LR;LBR;Liberia;Africa;231;618
SL;SLE;Sierra Leone;Africa;232;619
GH;GHA;Ghana;Africa;233;620
NG;NGA;Nigeria;Africa;234;621
TD;TCD;Chad;Africa;235;622
CF;CAF;Central African Republic;Africa;236;623
CM;CMR;Cameroon;Africa;237;624
CV;CPV;Cape Verde;Africa;238;625
ST;STP;Sao Tome and Principe;Africa;239;626
GQ;GNQ;Equatorial Guinea;Africa;240;627
GA;GAB;Gabon;Africa;241;628
CG;COG;Republic of the Congo;Africa;242;629
CD;COD;Democratic Republic of the Congo;Africa;243;630
AO;AGO;Angola;Africa;244;631
GW;GNB;Guinea-Bissau;Africa;245;632
SC;SYC;Seychelles;Africa;248;633
SD;SDN;Sudan;Africa;249;634
RW;RWA;Rwanda;Africa;250;635
ET;ETH;Ethiopia;Africa;251;636
SO;SOM;Somalia;Africa;252;637
DJ;DJI;Djibouti;Africa;253;638
KE;KEN;Kenya;Africa;254;639
TZ;TZA;Tanzania;Africa;255;640
UG;UGA;Uganda;Africa;256;641
BI;BDI;Burundi;Africa;257;642
MZ;MOZ;Mozambique;Africa;258;643
ZM;ZMB;Zambia;Africa;260;645
MG;MDG;Madagascar;Africa;261;646
ZW;ZWE;Zimbabwe;Africa;263;648
NA;NAM;Namibia;Africa;264;649
MW;MWI;Malawi;Africa;265;650
LS;LSO;Lesotho;Africa;266;651
BW;BWA;Botswana;Africa;267;652
SZ;SWZ;Swaziland;Africa;268;653
KM;COM;Comoros;Africa;269;654
ER;ERI;Eritrea;Africa;291;657
AW;ABW;Aruba;Americas;297;363
FO;FRO;Faroe Islands;Europe;298;288
GL;GRL;Greenland;Americas;299;290
GI;GIB;Gibraltar;Europe;350;266
PT;PRT;Portugal;Europe;351;268
LU;LUX;Luxembourg;Europe;352;270
IE;IRL;Ireland;Europe;353;272
IS;ISL;Iceland;Europe;354;274
AL;ALB;Albania;Europe;355;276
MT;MLT;Malta;Europe;356;278
CY;CYP;Cyprus;Europe;357;280
FI;FIN;Finland;Europe;358;244
BG;BGR;Bulgaria;Europe;359;284
LT;LTU;Lithuania;Europe;370;246
LV;LVA;Latvia;Europe;371;247
EE;EST;Estonia;Europe;372;248
MD;MDA;Moldova;Europe;373;259
AM;ARM;Armenia;Asia;374;283
BY;BLR;Belarus;Europe;375;257
AD;AND;Andorra;Europe;376;213
MC;MCO;Monaco;Europe;377;212
SM;SMR;San Marino;Europe;378;292
UA;UKR;Ukraine;Europe;380;255
RS;SRB;Serbia;Europe;381;220
ME;MNE;Montenegro;Europe;382;297
HR;HRV;Croatia;Europe;385;219
SI;SVN;Slovenia;Europe;386;293
BA;BIH;Bosnia and Herzegovina;Europe;387;218
MK;MKD;Macedonia;Europe;389;294
CZ;CZE;Czech Republic;Europe;420;230
SK;SVK;Slovakia;Europe;421;231
LI;LIE;Liechtenstein;Europe;423;295
FK;FLK;Falkland Islands (Malvinas);Americas;500;750
BZ;BLZ;Belize;Americas;501;702
GT;GTM;Guatemala;Americas;502;704
SV;SLV;El Salvador;Americas;503;706
HN;HND;Honduras;Americas;504;708
NI;NIC;Nicaragua;Americas;505;710
CR;CRI;Costa Rica;Americas;506;712
PA;PAN;Panama;Americas;507;714
HT;HTI;Haiti;Americas;509;372
GP;GLP;Guadeloupe & Martinique;Americas;590;340
BO;BOL;Bolivia;Americas;591;736
GY;GUY;Guyana;Americas;592;738
EC;ECU;Ecuador;Americas;593;740
GF;GUF;French Guiana;Americas;594;742
PY;PRY;Paraguay;Americas;595;744
SR;SUR;Suriname;Americas;597;746
UY;URY;Uruguay;Americas;598;748
TL;TLS;Timor-Leste;Asia;670;514
BN;BRN;Brunei;Asia;673;528
NR;NRU;Nauru;Oceania;674;536
PG;PNG;Papua New Guinea;Oceania;675;537
TO;TON;Tonga;Oceania;676;539
VU;VUT;Vanuatu;Oceania;678;541
FJ;FJI;Fiji;Oceania;679;542
CK;COK;Cook Islands;Oceania;682;548
WS;WSM;Samoa;Oceania;685;549
NC;NCL;New Caledonia;Oceania;687;546
PF;PYF;French Polynesia;Oceania;689;547
KP;PRK;North Korea;Asia;850;467
HK;HKG;Hong Kong;Asia;852;454
MO;MAC;Macao;Asia;853;455
KH;KHM;Cambodia;Asia;855;456
LA;LAO;Laos;Asia;856;457
BD;BGD;Bangladesh;Asia;880;470
TW;TWN;Taiwan;Asia;886;466
MV;MDV;Maldives;Asia;960;472
LB;LBN;Lebanon;Asia;961;415
JO;JOR;Jordan;Asia;962;416
SY;SYR;Syria;Asia;963;417
IQ;IRQ;Iraq;Asia;964;418
KW;KWT;Kuwait;Asia;965;419
SA;SAU;Saudi Arabia;Asia;966;420
YE;YEM;Yemen;Asia;967;421
OM;OMN;Oman;Asia;968;422
AE;ARE;United Arab Emirates;Asia;971;424
IL;ISR;Israel;Asia;972;425
BH;BHR;Bahrain;Asia;973;426
QA;QAT;Qatar;Asia;974;427
BT;BTN;Bhutan;Asia;975;402
MN;MNG;Mongolia;Asia;976;428
NP;NPL;Nepal;Asia;977;429
TJ;TJK;Tajikistan;Asia;992;436
TM;TKM;Turkmenistan;Asia;993;438
AZ;AZE;Azerbaijan;Asia;994;400
GE;GEO;Georgia;Asia;995;282
KG;KGZ;Kyrgyzstan;Asia;996;437
UZ;UZB;Uzbekistan;Asia;998;434
BS;BHS;Bahamas;Americas;1242;364
BB;BRB;Barbados;Americas;1246;342
AI;AIA;Anguilla;Americas;1264;365
AG;ATG;Antigua and Barbuda;Americas;1268;344
KY;CYM;Cayman Islands;Americas;1345;346
BM;BMU;Bermuda;Americas;1441;350
GD;GRD;Grenada;Americas;1473;352
TC;TCA;Turks and Caicos Islands;Americas;1649;376
MS;MSR;Montserrat;Americas;1664;354
GU;GUM;Guam;Oceania;1671;535
LC;LCA;Saint Lucia;Americas;1758;358
DM;DMA;Dominica;Americas;1767;366
VC;VCT;Saint Vincent and the Grenadines;Americas;1784;360
PR;PRI;Puerto Rico;Americas;1787;330
DO;DOM;Dominican Republic;Americas;1809;370
TT;TTO;Trinidad and Tobago;Americas;1868;374
KN;KNA;Saint Kitts and Nevis;Americas;1869;356
JM;JAM;Jamaica;Americas;1876;338
CA;CAN;Canada;Americas;1;302
DG;DGA;Diego Garcia;Africa;246;995
IN;IND;India;Asia;91;405
AN;ANT;Netherlands Antilles;Americas;599;362
SB;SLB;Solomon Islands;Oceania;677;540
US;USA;United States of America;Americas;1;311
VG;VGB;British Virgin Islands;Americas;1284;348
VI;VIR;US Virgin Islands;Americas;1340;332
GU;GUM;Guam;Oceania;1671;310
PS;PSE;State of Palestine;Asia;970;425
RE;REU;RÃ©union;Africa;262;647
GB;GBR;United Kingdom;Europe;44;235
SH;SHN;Saint Helena, Ascension and Tristan;Africa;290;658
YT;MYT;Mayotte;Africa;262;647
AS;ASM;American Samoa;Oceania;1684;544
FM;FSM;Federated States of Micronesia;Oceania;691;550
KI;KIR;Kiribati;Oceania;686;545
PW;PLW;Palau;Oceania;680;552
TV;TUV;Tuvalu;Oceania;688;553
NU;NIU;Niue;Oceania;683;555
MH;MHL;Marshall Islands;Oceania;692;551
AB;ABK;Abkhazia;Asia;7940;289
PM;SPM;Saint Pierre and Miquelon;Americas;508;308
US;USA;United States of America;Americas;1;312
US;USA;United States of America;Americas;1;316
WF;WLF;Wallis and Futuna;Oceania;681;543
XK;UNK;Kosovo;Europe;383;221